{"maze": [[1, 1, 1, 1, 1, 1, 1, 1, 1, 1, 1, 1, 1, 1, 1, 1, 1, 1, 1, 1], [0, 0, 0, 0, 0, 1, 0, 0, 0, 0, 0, 0, 0, 1, 0, 0, 0, 0, 0, 1], [1, 1, 1, 1, 0, 1, 0, 1, 1, 1, 1, 1, 0, 1, 0, 1, 1, 1, 0, 1], [1, 0, 0, 0, 0, 1, 0, 0, 0, 0, 0, 1, 0, 1, 0, 1, 0, 0, 0, 1], [1, 0, 1, 1, 1, 1, 1, 0, 1, 1, 0, 1, 0, 1, 0, 1, 0, 1, 1, 1], [1, 0, 0, 0, 0, 0, 0, 0, 0, 1, 0, 1, 0, 0, 0, 1, 0, 0, 0, 1], [1, 1, 1, 1, 1, 1, 1, 1, 0, 1, 0, 1, 1, 1, 1, 1, 0, 1, 0, 1], [1, 0, 0, 0, 0, 0, 0, 0, 0, 1, 0, 0, 0, 0, 0, 1, 0, 1, 0, 0], [1, 1, 1, 1, 1, 1, 1, 1, 1, 1, 1, 1, 1, 1, 1, 1, 1, 1, 1, 1]], "start": [1, 0], "goal": [7, 19], "path": [[1, 0], [1, 1], [1, 2], [1, 3], [1, 4], [2, 4], [3, 4], [3, 3], [3, 2], [3, 1], [4, 1], [5, 1], [5, 2], [5, 3], [5, 4], [5, 5], [5, 6], [5, 7], [4, 7], [3, 7], [3, 6], [2, 6], [1, 6], [1, 7], [1, 8], [1, 9], [1, 10], [1, 11], [1, 12], [2, 12], [3, 12], [4, 12], [5, 12], [5, 13], [5, 14], [4, 14], [3, 14], [2, 14], [1, 14], [1, 15], [1, 16], [1, 17], [1, 18], [2, 18], [3, 18], [3, 17], [3, 16], [4, 16], [5, 16], [5, 17], [5, 18], [6, 18], [7, 18], [7, 19]], "qtable": [[[0.0, 0.0, 0.0, 0.0], [0.0, 0.0, 0.0, 0.0], [0.0, 0.0, 0.0, 0.0], [0.0, 0.0, 0.0, 0.0], [0.0, 0.0, 0.0, 0.0], [0.0, 0.0, 0.0, 0.0], [0.0, 0.0, 0.0, 0.0], [0.0, 0.0, 0.0, 0.0], [0.0, 0.0, 0.0, 0.0], [0.0, 0.0, 0.0, 0.0], [0.0, 0.0, 0.0, 0.0], [0.0, 0.0, 0.0, 0.0], [0.0, 0.0, 0.0, 0.0], [0.0, 0.0, 0.0, 0.0], [0.0, 0.0, 0.0, 0.0], [0.0, 0.0, 0.0, 0.0], [0.0, 0.0, 0.0, 0.0], [0.0, 0.0, 0.0, 0.0], [0.0, 0.0, 0.0, 0.0], [0.0, 0.0, 0.0, 0.0]], [[1.8593289280298393, -0.9999999999999996, -0.9999999999999996, -0.9999999999999996], [1.979120129323071, -0.9999999999999996, 1.7407356387476112, -0.9999999999999996], [2.100121342750578, -0.9999999999999996, 1.8593289280283043, -0.9999999999999996], [2.222344790657152, -0.9999999999999996, 1.979120129322577, -0.9999999999999996], [-0.9999999999999996, 2.34580281884561, 2.100121342743881, -0.9999999999999996], [0.0, 0.0, 0.0, 0.0], [4.794007467765473, 4.499606719155817, -0.9999999999999996, -0.9999999999999996], [4.9434418866317955, -0.9999999999999996, 4.6460673930870815, -0.9999999999999996], [5.094385744072525, -0.9999999999999996, 4.794007467765262, -0.9999999999999996], [5.246854286941948, -0.9999999999999996, 4.943441886629762, -0.9999999999999996], [5.400862916102982, -0.9999999999999996, 5.094385744066846, -0.9999999999999996], [5.556427187982814, -0.9999999999999996, 5.246854286905084, -0.9999999999999996], [-0.9999999999999996, 5.713562816144261, 5.400862916099916, -0.9999999999999996], [0.0, 0.0, 0.0, 0.0], [7.374916255379473, 7.029155421896136, -0.9999999999998458, -0.999999999999765], [7.55042045997927, -0.9999999999998097, 7.201167092825385, -0.9999999999999972], [7.727697434322499, -0.9999999999976144, 7.374916255369919, -0.9999999999999969], [7.906765085174245, -0.9999999999999647, 7.550420459977132, -0.9999999999999832], [-0.9999999999998989, 8.087641500176009, 7.727697434320788, -0.9999999999999901], [0.0, 0.0, 0.0, 0.0]], [[0.0, 0.0, 0.0, 0.0], [0.0, 0.0, 0.0, 0.0], [0.0, 0.0, 0.0, 0.0], [0.0, 0.0, 0.0, 0.0], [-0.9999999999999996, 2.4705078978238504, -0.9999999999999996, 2.2223447906554132], [0.0, 0.0, 0.0, 0.0], [-0.9999999999999996, 4.354610651964139, -0.9999999999999996, 4.646067393087815], [0.0, 0.0, 0.0, 0.0], [0.0, 0.0, 0.0, 0.0], [0.0, 0.0, 0.0, 0.0], [0.0, 0.0, 0.0, 0.0], [0.0, 0.0, 0.0, 0.0], [-0.9999999999999996, 5.872285672872994, -0.9999999999999996, 5.556427187952735], [0.0, 0.0, 0.0, 0.0], [-0.9999999999999969, 6.8588638676780125, -0.999999999999998, 7.201167092825674], [0.0, 0.0, 0.0, 0.0], [0.0, 0.0, 0.0, 0.0], [0.0, 0.0, 0.0, 0.0], [-0.9999999999999969, 8.270344949672744, -0.9999999999999744, 7.9067650851320455], [0.0, 0.0, 0.0, 0.0]], [[0.0, 0.0, 0.0, 0.0], [2.723709721276633, 2.982052567367897, -0.9999999999999996, -0.9999999999999996], [2.5964726240540963, -0.9999999999999996, 2.852232041694216, -0.9999999999999996], [2.470507897822462, -0.9999999999999996, 2.723709721277272, -0.9999999999999996], [-0.9999999999999996, -0.9999999999999996, 2.5964726240644973, 2.345802818845311], [0.0, 0.0, 0.0, 0.0], [4.211064545445503, -0.9999999999999996, -0.9999999999999996, 4.499606719156933], [4.068953899917055, 4.068953899983518, 4.354610651965361, -0.9999999999999996], [0.5781931104800544, -0.9999999999999996, 4.2110645454432865, -0.9999999999999996], [-1.0899999999999985, -0.9999999999999996, 2.6017437906797647, -0.9999999999999996], [-0.9999999999999996, -1.0899999999999985, -1.0899999999999985, -0.9999999999999996], [0.0, 0.0, 0.0, 0.0], [-0.9999999999999996, 6.0326117907808054, -0.9999999999999996, 5.713562816143907], [0.0, 0.0, 0.0, 0.0], [-0.9999999999999996, 6.690275228997117, -0.9999999999999996, 7.029155421897414], [0.0, 0.0, 0.0, 0.0], [8.454893888558017, 8.829602988019946, -0.9999999999996777, -0.9999999999994542], [8.270344949672257, -0.999999999999765, 8.64130695813974, -0.9999999999998287], [-0.99999999999596, -0.9999999999995088, 8.454893888558335, 8.087641500158632], [0.0, 0.0, 0.0, 0.0]], [[0.0, 0.0, 0.0, 0.0], [-0.9999999999999996, 3.1131844114827265, -0.9999999999999996, 2.852232041690049], [0.0, 0.0, 0.0, 0.0], [0.0, 0.0, 0.0, 0.0], [0.0, 0.0, 0.0, 0.0], [0.0, 0.0, 0.0, 0.0], [0.0, 0.0, 0.0, 0.0], [-0.9999999999999996, 3.928264360983465, -0.9999999999999996, 4.211064545445703], [0.0, 0.0, 0.0, 0.0], [0.0, 0.0, 0.0, 0.0], [-0.9999999999999996, -1.0899999999999985, -0.9999999999999996, -1.0899999999999985], [0.0, 0.0, 0.0, 0.0], [-0.9999999999999996, 6.19455736442506, -0.9999999999999996, 5.872285672859312], [0.0, 0.0, 0.0, 0.0], [-0.9999999999999996, 6.523372476709519, -0.9999999999999996, 6.858863867678437], [0.0, 0.0, 0.0, 0.0], [-0.9999999999993262, 9.019800997999955, -0.9999999999999962, 8.641306958138964], [0.0, 0.0, 0.0, 0.0], [0.0, 0.0, 0.0, 0.0], [0.0, 0.0, 0.0, 0.0]], [[0.0, 0.0, 0.0, 0.0], [3.245640819679524, -0.9999999999999996, -0.9999999999999996, 2.9820525673649025], [3.379435171393461, -0.9999999999999996, 3.113184411481354, -0.9999999999999996], [3.514580981205518, -0.9999999999999996, 3.2456408196770288, -0.9999999999999996], [3.6510919002075966, -0.9999999999999996, 3.3794351713931845, -0.9999999999999996], [3.7889817173814127, -0.9999999999999996, 3.514580981179885, -0.9999999999999996], [3.928264360991328, -0.9999999999999996, 3.6510919001995066, -0.9999999999999996], [3.788981717304968, -0.9999999999999996, 3.7889817173812887, 4.068953899991243], [-0.9999999999999996, -0.4088055911805722, 3.928264360988827, -0.9999999999999996], [0.0, 0.0, 0.0, 0.0], [-0.9999999999999996, -1.0899999999999985, -0.9999999999999996, -1.0899999999999985], [0.0, 0.0, 0.0, 0.0], [6.358138751944509, -0.9999999999999996, -0.9999999999999996, 6.03261179078076], [6.523372476711629, -0.9999999999999996, 6.194557364337613, -0.9999999999999996], [-0.9999999999999996, -0.9999999999999996, 6.358138751936853, 6.690275229001649], [0.0, 0.0, 0.0, 0.0], [9.211920199999962, 8.82960298789641, -0.9999999999997389, 8.829602988017282], [9.405979999999971, -0.9999999999998612, 9.019800997977901, -0.9999999999997099], [-0.9999999999999715, 9.601999999999979, 9.211920199999831, -0.9999999999998612], [0.0, 0.0, 0.0, 0.0]], [[0.0, 0.0, 0.0, 0.0], [0.0, 0.0, 0.0, 0.0], [0.0, 0.0, 0.0, 0.0], [0.0, 0.0, 0.0, 0.0], [0.0, 0.0, 0.0, 0.0], [0.0, 0.0, 0.0, 0.0], [0.0, 0.0, 0.0, 0.0], [0.0, 0.0, 0.0, 0.0], [-0.9999999999999996, -1.0899999999999985, -0.9999999999999996, 1.4551908326686736], [0.0, 0.0, 0.0, 0.0], [-0.9999999999999996, -1.0899999999999985, -0.9999999999999996, -1.0899999999999985], [0.0, 0.0, 0.0, 0.0], [0.0, 0.0, 0.0, 0.0], [0.0, 0.0, 0.0, 0.0], [0.0, 0.0, 0.0, 0.0], [0.0, 0.0, 0.0, 0.0], [-0.5695327900000001, 0.08214756425092533, -0.40951000000000004, 9.019800997995938], [0.0, 0.0, 0.0, 0.0], [-0.9999999999997099, 9.799999999999986, -0.9999999999999263, 9.405979999860092], [0.0, 0.0, 0.0, 0.0]], [[0.0, 0.0, 0.0, 0.0], [-1.0899999999999985, -0.9999999999999996, -0.9999999999999996, -0.9999999999999996], 