{"maze": [[1, 1, 1, 1, 1, 1, 1, 1, 1, 1, 1, 1], [0, 0, 0, 0, 1, 0, 0, 0, 0, 0, 0, 1], [1, 1, 1, 0, 1, 0, 1, 1, 1, 1, 0, 1], [1, 0, 0, 0, 1, 0, 0, 0, 0, 1, 0, 1], [1, 0, 1, 1, 1, 1, 1, 1, 0, 1, 0, 1], [1, 0, 0, 0, 0, 0, 0, 1, 0, 1, 0, 1], [1, 1, 1, 1, 1, 1, 0, 1, 0, 1, 0, 1], [1, 0, 0, 0, 0, 0, 0, 1, 0, 1, 0, 1], [1, 0, 1, 1, 1, 1, 1, 1, 0, 1, 0, 1], [1, 0, 0, 0, 0, 0, 0, 0, 0, 1, 0, 1], [1, 1, 1, 1, 1, 1, 1, 1, 1, 1, 0, 0], [1, 1, 1, 1, 1, 1, 1, 1, 1, 1, 1, 1]], "start": [1, 0], "goal": [10, 11], "path": [[1, 0], [1, 1], [1, 2], [1, 3], [2, 3], [3, 3], [3, 2], [3, 1], [4, 1], [5, 1], [5, 2], [5, 3], [5, 4], [5, 5], [5, 6], [6, 6], [7, 6], [7, 5], [7, 4], [7, 3], [7, 2], [7, 1], [8, 1], [9, 1], [9, 2], [9, 3], [9, 4], [9, 5], [9, 6], [9, 7], [9, 8], [8, 8], [7, 8], [6, 8], [5, 8], [4, 8], [3, 8], [3, 7], [3, 6], [3, 5], [2, 5], [1, 5], [1, 6], [1, 7], [1, 8], [1, 9], [1, 10], [2, 10], [3, 10], [4, 10], [5, 10], [6, 10], [7, 10], [8, 10], [9, 10], [10, 10], [10, 11]], "qtable": [[[0.0, 0.0, 0.0, 0.0], [0.0, 0.0, 0.0, 0.0], [0.0, 0.0, 0.0, 0.0], [0.0, 0.0, 0.0, 0.0], [0.0, 0.0, 0.0, 0.0], [0.0, 0.0, 0.0, 0.0], [0.0, 0.0, 0.0, 0.0], [0.0, 0.0, 0.0, 0.0], [0.0, 0.0, 0.0, 0.0], [0.0, 0.0, 0.0, 0.0], [0.0, 0.0, 0.0, 0.0], [0.0, 0.0, 0.0, 0.0]], [[1.5070949995384217, -0.9999999999999996, -0.9999999999999996, -0.9999999999999996], [1.6233282823620434, -0.9999999999999996, 1.3920240495401248, -0.9999999999999996], [1.7407356387495398, -0.9999999999999996, 1.5070949995382765, -0.9999999999999996], [-0.9999999999999996, 1.8593289280298393, 1.6233282823593425, -0.9999999999999996], [0.0, 0.0, 0.0, 0.0], [7.374916255379473, 7.029155421896945, -0.9999999999999181, -0.9999999999999948], [7.55042045997927, -0.9999999999997389, 7.201167092820274, -0.9999999999999263], [7.727697434322499, -0.9999999999989732, 7.374916255368878, -0.999999999999765], [7.906765085174245, -0.9999999999999403, 7.550420459978468, -0.9999999999998989], [8.087641500176009, -0.9999999999999865, 7.727697434320628, -0.9999999999999865], [-0.9999999999976144, 8.270344949672744, 7.906765085174165, -0.9999999999999901], [0.0, 0.0, 0.0, 0.0]], [[0.0, 0.0, 0.0, 0.0], [0.0, 0.0, 0.0, 0.0], [0.0, 0.0, 0.0, 0.0], [-0.9999999999999996, 1.979120129323071, -0.9999999999999996, 1.7407356383525205], [0.0, 0.0, 0.0, 0.0], [-0.9999999999999976, 6.8588638676635885, -0.9999999999999993, 7.201167092825674], [0.0, 0.0, 0.0, 0.0], [0.0, 0.0, 0.0, 0.0], [0.0, 0.0, 0.0, 0.0], [0.0, 0.0, 0.0, 0.0], [-0.999999999999765, 8.454893888558335, -0.9999999999999769, 8.087641500175634], [0.0, 0.0, 0.0, 0.0]], [[0.0, 0.0, 0.0, 0.0], [2.1001213427505676, 2.34580281884561, -0.9999999999999996, -0.9999999999999996], [1.9791201293020257, -0.9999999999999996, 2.222344790657152, -0.9999999999999996], [-0.9999999999999996, -0.9999999999999996, 2.100121342750578, 1.8593289280290588], [0.0, 0.0, 0.0, 0.0], [6.690275228999858, -0.9999999999999996, -0.9999999999999996, 7.029155421897414], [6.5233724767088885, -0.9999999999999996, 6.858863867678437, -0.9999999999999996], [6.3581387519444394, -0.9999999999999996, 6.690275229001649, -0.9999999999999996], [-0.9999999999999996, 6.1945573644249805, 6.523372476711629, -0.9999999999999996], [0.0, 0.0, 0.0, 0.0], [-0.9999999999992514, 8.64130695813974, -0.9999999999989732, 8.27034494967267], [0.0, 0.0, 0.0, 0.0]], [[0.0, 0.0, 0.0, 0.0], [-0.9999999999999996, 2.4705078978238504, -0.9999999999999996, 2.222344790655479], [0.0, 0.0, 0.0, 0.0], [0.0, 0.0, 0.0, 0.0], [0.0, 0.0, 0.0, 0.0], [0.0, 0.0, 0.0, 0.0], [0.0, 0.0, 0.0, 0.0], [0.0, 0.0, 0.0, 0.0], [-0.9999999999999996, 6.032611790780417, -0.9999999999999996, 6.358138751944509], [0.0, 0.0, 0.0, 0.0], [-0.9999999999985913, 8.829602988019946, -0.9999999999997885, 8.45489388855766], [0.0, 0.0, 0.0, 0.0]], [[0.0, 0.0, 0.0, 0.0], [2.5964726240644973, -0.9999999999999996, -0.9999999999999996, 2.3458028188210482], [2.723709721277272, -0.9999999999999996, 2.47050789782259, -0.9999999999999996], [2.852232041694216, -0.9999999999999996, 2.5964726240644183, -0.9999999999999996], [2.982052567367897, -0.9999999999999996, 2.72370972125263, -0.9999999999999996], [3.1131844114827265, -0.9999999999999996, 2.852232041693962, -0.9999999999999996], [-0.9999999999999996, 3.245640819679524, 2.9820525673675022, -0.9999999999999996], [0.0, 0.0, 0.0, 0.0], [-0.9999999999999996, 5.872285672864877, -0.9999999999999996, 6.19455736442506], [0.0, 0.0, 0.0, 0.0], [-0.9999999999995579, 9.019800997999955, -0.9999999999999647, 8.64130695813841], [0.0, 0.0, 0.0, 0.0]], [[0.0, 0.0, 0.0, 0.0], [0.0, 0.0, 0.0, 0.0], [0.0, 0.0, 0.0, 0.0], [0.0, 0.0, 0.0, 0.0], [0.0, 0.0, 0.0, 0.0], [0.0, 0.0, 0.0, 0.0], [-0.9999999999999996, 3.379435171393461, -0.9999999999999996, 3.113184411384385], [0.0, 0.0, 0.0, 0.0], [-0.9999999999999996, 5.713562816121808, -0.9999999999999996, 6.0326117907808054], [0.0, 0.0, 0.0, 0.0], [-0.9999999999999792, 9.211920199999962, -0.9999999999999928, 8.829602987960683], [0.0, 0.0, 0.0, 0.0]], [[0.0, 0.0, 0.0, 0.0], [3.9282643609905668, 4.211064545445703, -0.9999999999999996, -0.9999999999999996], [3.788981717379387, -0.9999999999999996, 4.068953899991243, -0.9999999999999996], [3.6510919002069677, -0.9999999999999996, 3.928264360991328, -0.9999999999999996], [3.514580981203691, -0.9999999999999996, 3.7889817173814127, -0.9999999999999996], [3.379435171387695, -0.9999999999999996, 3.6510919002075966, -0.9999999999999996], [-0.9999999999999996, -0.9999999999999996, 3.514580981205518, 3.2456408196642594], [0.0, 0.0, 0.0, 0.0], [-0.9999999999999996, 5.556427187981235, -0.9999999999999996, 5.872285672872994], [0.0, 0.0, 0.0, 0.0], [-0.9999999999984348, 9.405979999999971, -0.9999999999984348, 9.019800997980461], [0.0, 0.0, 0.0, 0.0]], [[0.0, 0.0, 0.0, 0.0], [-0.9999999999999996, 4.354610651965361, -0.9999999999999996, 4.068953899988292], [0.0, 0.0, 0.0, 0.0], [0.0, 0.0, 0.0, 0.0], [0.0, 0.0, 0.0, 0.0], [0.0, 0.0, 0.0, 0.0], [0.0, 0.0, 0.0, 0.0], [0.0, 0.0, 0.0, 0.0], [-0.9999999999999996, 5.400862916096447, -0.9999999999999996, 5.713562816144261], [0.0, 0.0, 0.0, 0.0], [-0.9999999999993936, 9.601999999999979, -0.9999999999985913, 9.211920199994871], [0.0, 0.0, 0.0, 0.0]], [[0.0, 0.0, 0.0, 0.0], [4.499606719156933, -0.9999999999999996, -0.9999999999999996, 4.211064545442883], [4.646067393087815, -0.9999999999999996, 4.354610651965213, -0.9999999999999996], [4.794007467765473, -0.9999999999999996, 4.499606719156867, -0.9999999999999996], [4.9434418866317955, -0.9999999999999996, 4.646067393081108, -0.9999999999999996], [5.094385744072525, -0.9999999999999996, 4.7940074677593785, -0.9999999999999996], [5.246854286941948, -0.9999999999999996, 4.943441886630837, -0.9999999999999996], [5.400862916102982, -0.9999999999999996, 5.094385744071943, -0.9999999999999996], [-0.9999999999999996, -0.9999999999999996, 5.24685428692629, 5.556427187982814], [0.0, 0.0, 0.0, 0.0], [-0.9999999999998287, 9.799999999999986, -0.9999999999997389, 9.405979999998342], [0.0, 0.0, 0.0, 0.0]], [[0.0, 0.0, 0.0, 0.0], [0.0, 0.0, 0.0, 0.0], [0.0, 0.0, 0.0, 0.0], [0.0, 0.0, 0.0, 0.0], [0.0, 0.0, 0.0, 0.0], [0.0, 0.0, 0.0, 0.0], [0.0, 0.0, 0.0, 0.0], [0.0, 0.0, 0.0, 0.0], [0.0, 0.0, 0.0, 0.0], [0.0, 0.0, 0.0, 0.0], [9.999999999999993, -0.999999999999989, -0.9999999999998876, 9.601999999984912], [0.0, 0.0, 0.0, 0.0]], [[0.0, 0.0, 0.0, 0.0], [0.0, 0.0, 0.0, 0.0], [0.0, 0.0, 0.0, 0.0], [0.0, 0.0, 0.0, 0.0], [0.0, 0.0, 0.0, 0.0], [0.0, 0.0, 0.0, 0.0], [0.0, 0.0, 0.0, 0.0], [0.0, 0.0, 0.0, 0.0], [0.0, 0.0, 0.0, 0.0], [0.0, 0.0, 0.0, 0.0], [0.0, 0.0, 0.0, 0.0], [0.0, 0.0, 0.0, 0.0]]]}